{
	"info": {
		"_postman_id": "fed8a7d9-89bb-4e33-a5eb-dddd1777d8ba",
		"name": "Cut Nur Intan_Booking",
		"schema": "https://schema.getpostman.com/json/collection/v2.1.0/collection.json",
		"_exporter_id": "34947668"
	},
	"item": [
		{
			"name": "CreateBooking",
			"request": {
				"method": "POST",
				"header": [],
				"body": {
					"mode": "raw",
					"raw": "{\r\n  \"firstname\": \"John\",\r\n  \"lastname\": \"Doe\",\r\n  \"totalprice\": 560124,\r\n  \"depositpaid\": true,\r\n  \"bookingdates\": {\r\n    \"checkin\": \"2024-01-05\",\r\n    \"checkout\": \"2024-01-07\"\r\n  },\r\n  \"additionalneeds\": \"None\"\r\n}",
					"options": {
						"raw": {
							"language": "json"
						}
					}
				},
				"url": {
					"raw": "https://restful-booker.herokuapp.com/booking",
					"protocol": "https",
					"host": [
						"restful-booker",
						"herokuapp",
						"com"
					],
					"path": [
						"booking"
					]
				}
			},
			"response": []
		},
		{
			"name": "UpdateBooking",
			"request": {
				"method": "PUT",
				"header": [],
				"body": {
					"mode": "raw",
					"raw": "{\r\n  \"firstname\": \"John\",\r\n  \"lastname\": \"Doe\",\r\n  \"totalprice\": 1652024,\r\n  \"depositpaid\": true,\r\n  \"bookingdates\": {\r\n    \"checkin\": \"2024-01-06\",\r\n    \"checkout\": \"2024-01-08\"\r\n  },\r\n  \"additionalneeds\": \"None\"\r\n}",
					"options": {
						"raw": {
							"language": "json"
						}
					}
				},
				"url": {
					"raw": "https://restful-booker.herokuapp.com/booking/1",
					"protocol": "https",
					"host": [
						"restful-booker",
						"herokuapp",
						"com"
					],
					"path": [
						"booking",
						"1"
					]
				}
			},
			"response": []
		},
		{
			"name": "DeleteBooking",
			"request": {
				"method": "GET",
				"header": [],
				"url": {
					"raw": ""
				}
			},
			"response": []
		},
		{
			"name": "CreateMultipleBooking",
			"request": {
				"method": "POST",
				"header": [],
				"body": {
					"mode": "raw",
					"raw": "{\r\n  \"firstname\": \"El\",\r\n  \"lastname\": \"Smith\",\r\n  \"totalprice\": 750000,\r\n  \"depositpaid\": true,\r\n  \"bookingdates\": {\r\n    \"checkin\": \"2024-01-10\",\r\n    \"checkout\": \"2024-01-12\"\r\n  },\r\n  \"additionalneeds\": \"Breakfast\"\r\n}",
					"options": {
						"raw": {
							"language": "json"
						}
					}
				},
				"url": {
					"raw": "https://restful-booker.herokuapp.com/booking",
					"protocol": "https",
					"host": [
						"restful-booker",
						"herokuapp",
						"com"
					],
					"path": [
						"booking"
					]
				}
			},
			"response": []
		},
		{
			"name": "SearchBooking",
			"event": [
				{
					"listen": "test",
					"script": {
						"exec": [
							"// Contoh ID booking yang ingin dicari\r",
							"const searchId = 1; // Ganti dengan ID yang ingin dicari\r",
							"const searchFirstName = \"Alice\"; // Ganti dengan first name yang ingin dicari\r",
							"const searchLastName = \"Smith\"; // Ganti dengan last name yang ingin dicari\r",
							"const searchCheckin = \"2024-01-10\"; // Ganti dengan check-in yang ingin dicari\r",
							"const searchCheckout = \"2024-01-12\"; // Ganti dengan check-out yang ingin dicari\r",
							"\r",
							"// Mengambil data booking dari respons\r",
							"const bookings = pm.response.json();\r",
							"\r",
							"// Filter booking berdasarkan kriteria pencarian\r",
							"const filteredBookings = bookings.filter(booking => \r",
							"    booking.bookingid === searchId || // Cek ID booking\r",
							"    (booking.firstname === searchFirstName && \r",
							"     booking.lastname === searchLastName &&\r",
							"     booking.bookingdates.checkin === searchCheckin && \r",
							"     booking.bookingdates.checkout === searchCheckout)\r",
							");\r",
							"\r",
							"// Tampilkan hasil pencarian di konsol\r",
							"console.log(filteredBookings);\r",
							"\r",
							"// Tes untuk memastikan hasil pencarian\r",
							"pm.test(\"Filtered bookings\", function() {\r",
							"    pm.expect(filteredBookings.length).to.be.greaterThan(0); // Pastikan ada hasil yang ditemukan\r",
							"});"
						],
						"type": "text/javascript",
						"packages": {}
					}
				}
			],
			"request": {
				"method": "GET",
				"header": [],
				"url": {
					"raw": "https://restful-booker.herokuapp.com/booking",
					"protocol": "https",
					"host": [
						"restful-booker",
						"herokuapp",
						"com"
					],
					"path": [
						"booking"
					]
				}
			},
			"response": []
		}
	]
}